{
"Hi":"*~හායි අනේ.කෝමද ඔයාට 💗🙈~*",
"kauda me":"*I AM LOD-✗-MD ASSISTANT*",
"kavada bn":"*chuttak kava*",
"කෑවද බන්":"*චුට්ටක් කෑවා*",
"කෑවද ":"*ඇයි කවන්නද🐨*",
".alive":"*LOD-✗-MD බොට් වෙත සාදරයෙන් පිලිගන්නවා*",
"මොකද කරන්නේ":"*මෝනා කරන්නද  නිකම් ඉන්නේ😜*",
"Gn":"*🎈  ගුඩ් නයිට්  👻*",
"ok":"*Hmm😊*",
"ponnaya":"*Ane palayan bn yanna*",
"Mm":"*Hmm*",
"😀":"☺️",
"palayan":"*තෝ පලයන්☺️*",
"පලයන් යන්න":"*තෝ පලයන්☺️*",
"ඇයි":" *ඇයි මොකද්ද වෙන්න ඕනි☺️*",
"මේ":"*ඇයි☺️*",
"ai":"*ඇයි☺️*",
"තො මොකද":"*ඇයි☺️*",
"තොට මොකද වෙලා ඉන්නේ":"*ඇයි☺️*",
"Hy":"*~හායි .අනේ කොහමද ඔයාට~*",
"roshan":"*ආ ඕකා අමු සතෙක් නි☺️*",
"රොෂාන්":"*උ තනිකර ගොනෙක් නී ☺️😜*",
"දිනා":"*උ තනිකර ගොනෙක් නී ☺️😜*",
"oyage nama mokadda":"☺️",
"ane":"*ane palayn*",
"By":"*අනේ ඇයි යන්නේ..ඔහම ටිකක් ඉන්නකෝ☹️*",
"oyage nama mokadda":"*•´🎀  𝒬𝒰𝐸𝐸𝒩 𝐻𝒜𝒮𝐻𝐼☺️  🎀 •*",
"kauda":"*•🎀  𝒬𝒰𝐸𝐸𝒩 𝐻𝒜𝒮𝐻𝐼☺️  🎀 •☺️*",
"ඔයා හැදුවේ කවුද":"*CYBER DINU ☺️*",
".menu":"*LOD-✗-MD COMMAND PANEL☺️*",
".owner":"*හායි මම තමා LOD-✗-MD QWNER👨‍💻*",
"love":"*මාත් ඔයාට ආදරෙයි පැටියෝ☺️*",
"Good Mornnig":"*GOOD MORNING☺️*",
"kawada bn":"*chuttak kawa☺️*",
"Fuck":"*Ane palayan bn yanna*",
"ewannako":"මට බැ ☺️!",
"sorry":"*සෝරි කිවුවාම ඔක්කම හරියනවද*",
"I Love You":"*I Love You Baby🥺💗*",
"pakaya":"*අනේ තෝනි පකයා😹*",
"hutto":"මොකද  හුත්තෝ😹*",
"Kawda Me":"*QUEEN HASHI MD👋*",
"පාලුයි":"*ඉතිම් මට මොකො😂*",
"ඇයි":"* ඒක තමා මාත් අහන්නෙ😁",
"dinu":"*අනේ එයා හරි හොද කෙනෙක් !!🙈,අනේ එයා හරිම සෝයි,💗*,එයා තමා LOD X MD කියන බොට්වත් හැදුවේ🧏‍",
"දිනු":"අනේ එයා හරි හොද කෙනෙක් !!🙈,අනේ එයා හරිම සෝයි,💗*,එයා තමා LOD X MD කියන බොට්වත් හැදුවේ🧏",
"Dinu":"අනේ එයා හරි හොද කෙනෙක් !!🙈,අනේ එයා හරිම සෝයි,💗*,එයා තමා LOD X MD කියන බොට්වත් හැදුවේ🧏",
"කවුද යකෝ":"*ඇයි😁",
"මොකද කරන්නේ කට්ටිය":"*පොල් ගානවා ඇයි අහන්නේ🙈*",
"Gm all":"ඔයාටත් ගුඩ් මෝනිම්😁",
"Gn all":"ඔයාටත් ගුඩ් නයිට්😁",
"mk all":"*පොල් ගානවා ඇයි අහන්නේ🙈*",
"😂":"*මොකද හිනාවෙන්නෙ🥺*",
"🤣":"*මොකද හිනාවෙන්නෙ🥺*",
"ආ කොහමද?":"හොදිම් ඉන්නවා අනේ",
"හොදිම් ඉන්නවා අනේ":"ම්ම්,එහමද මාත් හොදින් ඉන්න්වා",
"ම්ම්,.ඔයා කෑවද?☺️":"නෑ අනේ තාම කන්න බැරි උනා🥹",
"ඇයි,තාම කැවේ නැත්තේ":"කොහේද මට වැඩ ගොඩනී😊",
"මෝනාද, එ තරමට කරන්න තියෙන්නෙ🤨":"තියනවා ඉතින්☺️",
"තියනවා☺️":"මෝනාද😒",
"මෝනාද😒":"ඔයාට ඒවා වැඩක් නෑනී😏",
"ම්ම් ,👀මම යන්න යනවා":"හරි හරි යන්න🙊",
"sira":"*siravatama☺️*",
"heta yanavada":"*balamu☺️*",
"online":"එයා වැඩක ඉන්නේ පස්සේ කතා කරන්න☺️",
"KO":"මෝනාද☺️",
"koi":"මෝනාද☺️",
"udauvak":"මෝකද්ද☺️",
"Mk":"*මොනා කරන්නද අනේ නිකම් ඉන්නවා‍♂️*",
"Mn":"*Mn කියන්නෙ ඇයි !!මොකුත් නෑ කියන්න බෑද ...තියන කම්මැලි කම මේයාගේ🙈*",
"Hmm":"*මොකද බස්සෙක් වගේ හ්ම්ම් හ්ම්ම් ගන්නේ💗*",
"Gm":"🍀⃝⋆⋆  🎀  ගුඩ් මෝනිම්  🎀  ⋆⋆🌼",
"Bye":"*අනේ ඇයි යන්නේ..ඔහම ටිකක් ඉන්නකෝ☹️*",
"Good Morning":"⋆⋆  🎀  ගුඩ් මෝනිම්  🎀  ⋆⋆",
"Good Night":"🧘⃞🎈🐨  ගුඩ් නයිට්  👻👊🍃🧘",
"Bs":"*බුදු සරණයි 💗*",
"pi":"*හ්ම්ම්ම්🥺 ඔයත් පරිස්සමින් ඉන්න 💗*",
"Ponnaya":"*පලයන් හුත්තො යන්න☺️*",
"sex":"*අසහන කාරයා☺️☺️😹*",
"බායි🌝":"තාම ගියේ නැද්ද🌚",
"තාම ගියේ නැද්ද🌚":"නෑනි🩵",
"නෑනි🩵":"ඇයි ,.කන්නේ නැද්ද🤨",
"ඇයි ,.කන්නේ නැද්ද🤨":"ඔයාට බැරිද මට කවන්න😇",
"ඔවු,ඇයි බැරිද😒":"මට බෑ😏",
"මට බෑ😏":"මොකද්ද අනේ එකක් වත් බැරිද ඔයාට😞",
"ආ,එහමද😕":"ඔවු😖",
"ම්ම්,.එහෙනම් මන් ගියා🙂‍↔":"ඉතිම් පලයන්",
"😘":"😍",
"🙃":"😇",
"🧐":"🤨",
"🤨":"😌",
"🤪":"😏",
"😡":"😡😡",
"😥":"🥵",
"🤗":"😐",
"🫤":"😶",
"🥴":"🤧",
"🤧":"🤕",
"😹":"😸",
"😺":"😼",
"👍":"🤏",
"🙏":"👋",
"👁️":"👀",
"👀":"🐶",
"යනවා තමා යකෝ":"එහෙනම් පල",
"🌝":"🌚",
"🌚":"🤹‍♀️",
"💛":"💚",
"💙":"🩵",
"💜":"🖤",
"🤍":"🤎",
"එහෙමද":"ඔවු බන්",
"අපරාදේ බන්":"මොකද්ද",
"🤔":"😒",
"😪":"🙁",
"🤭":"☺️",
"🤎":"💜",
"💗":"💓",
"💝":"❤‍🩹",
"💔":"❤‍🔥",
"❤‍🔥":"❣️",
"❌":"‼️",
"‼️":"🚫",
"🐱":"🐶",
"💥":"🔥",
"⚡":"☀️",
"🌟":"🌤️",
"🥹":"🥹",
"🥰":"😘"
}
