{
"hukapan":"https://raw.githubusercontent.com/LAKSIDUOFFICIAL/LAKSIDU-BOT/refs/heads/main/Hshsgsg/STK-20241124-WA0090.webp",
"QUEEN":"https://raw.githubusercontent.com/LAKSIDUOFFICIAL/LAKSIDU-BOT/refs/heads/main/Hshsgsg/STK-20241217-WA0004.webp",
"bye":"https://raw.githubusercontent.com/LAKSIDUOFFICIAL/LAKSIDU-BOT/refs/heads/main/Hshsgsg/STK-20241115-WA0189.webp",
"alive":"https://raw.githubusercontent.com/LAKSIDUOFFICIAL/LAKSIDU-BOT/refs/heads/main/Hshsgsg/STK-20241217-WA0004.webp",
"menu":"https://raw.githubusercontent.com/LAKSIDUOFFICIAL/LAKSIDU-BOT/refs/heads/main/Hshsgsg/STK-20241217-WA0003.webp",
"love":"https://raw.githubusercontent.com/LAKSIDUOFFICIAL/LAKSIDU-BOT/refs/heads/main/Hshsgsg/STK-20241115-WA0198.webp",
"Mk":"https://raw.githubusercontent.com/LAKSIDUOFFICIAL/LAKSIDU-BOT/refs/heads/main/Hshsgsg/STK-20241119-WA0003.webp", 
"Sex":"https://raw.githubusercontent.com/LAKSIDUOFFICIAL/LAKSIDU-BOT/refs/heads/main/Hshsgsg/STK-20241118-WA0017.webp",
"Hmm":"https://raw.githubusercontent.com/LAKSIDUOFFICIAL/LAKSIDU-BOT/refs/heads/main/Hshsgsg/STK-20241115-WA0189.webp",
"Hm":"https://raw.githubusercontent.com/LAKSIDUOFFICIAL/LAKSIDU-BOT/refs/heads/main/Hshsgsg/STK-20241115-WA0189.webp",
"xxx":"https://raw.githubusercontent.com/LAKSIDUOFFICIAL/LAKSIDU-BOT/refs/heads/main/Hshsgsg/STK-20241124-WA0090.webp",
"Ai":"https://raw.githubusercontent.com/LAKSIDUOFFICIAL/LAKSIDU-BOT/refs/heads/main/Hshsgsg/STK-20241121-WA0184.webp",
"Fuck":"https://raw.githubusercontent.com/LAKSIDUOFFICIAL/LAKSIDU-BOT/refs/heads/main/Hshsgsg/STK-20241120-WA0247.webp",
"ponnaya":"https://raw.githubusercontent.com/LAKSIDUOFFICIAL/LAKSIDU-BOT/refs/heads/main/Hshsgsg/STK-20241124-WA0088.webp",
"huththa":"https://raw.githubusercontent.com/LAKSIDUOFFICIAL/LAKSIDU-BOT/refs/heads/main/Hshsgsg/STK-20241124-WA0089.webp",
"laksidu":"https://raw.githubusercontent.com/LAKSIDUOFFICIAL/LAKSIDU-BOT/refs/heads/main/Hshsgsg/STK-20241124-WA0111.webp",
"Thx":"https://raw.githubusercontent.com/LAKSIDUOFFICIAL/LAKSIDU-BOT/refs/heads/main/Hshsgsg/STK-20241124-WA0103.webp",
"Gn":"https://raw.githubusercontent.com/LAKSIDUOFFICIAL/LAKSIDU-BOT/refs/heads/main/Hshsgsg/STK-20241118-WA0002.webp",
"thank you":"https://raw.githubusercontent.com/LAKSIDUOFFICIAL/LAKSIDU-BOT/refs/heads/main/Hshsgsg/STK-20241124-WA0103.webp",
"alive":"https://raw.githubusercontent.com/LAKSIDUOFFICIAL/LAKSIDU-BOT/refs/heads/main/Hshsgsg/STK-20241116-WA0379.webp",
"hellow":"https://raw.githubusercontent.com/LAKSIDUOFFICIAL/LAKSIDU-BOT/refs/heads/main/Hshsgsg/STK-20241118-WA0018.webp",
"Hi":"https://raw.githubusercontent.com/LAKSIDUOFFICIAL/LAKSIDU-BOT/refs/heads/main/Hshsgsg/STK-20241118-WA0018.webp",
"Hello":"https://raw.githubusercontent.com/LAKSIDUOFFICIAL/LAKSIDU-BOT/refs/heads/main/Hshsgsg/STK-20241118-WA0018.webp",
"ane":"https://raw.githubusercontent.com/LAKSIDUOFFICIAL/LAKSIDU-BOT/refs/heads/main/Hshsgsg/STK-20241110-WA0028.webp",
"ela":"https://raw.githubusercontent.com/LAKSIDUOFFICIAL/LAKSIDU-BOT/refs/heads/main/Hshsgsg/STK-20241116-WA0379.webp",
"oni":"https://raw.githubusercontent.com/LAKSIDUOFFICIAL/LAKSIDU-BOT/refs/heads/main/Hshsgsg/STK-20241116-WA0178.webp"
}
